{"season":2026,"playerId":571912,"name":"Luke Maile","teamAbbrev":"KC","teamId":118,"stats":{"total":2,"singles":1,"doubles":0,"triples":0,"homeRuns":1,"outs":0,"sac":0,"errors":0,"other":0,"avgExitVelo":87.44999999999999,"avgLaunchAngle":26,"maxExitVelo":98.6,"maxDistance":396},"bipCount":2,"parks":[{"venueId":7,"venueName":"Kauffman Stadium","teamAbbrev":"KC","stats":{"total":2,"singles":1,"doubles":0,"triples":0,"homeRuns":1,"outs":0,"sac":0,"errors":0,"other":0,"avgExitVelo":87.44999999999999,"avgLaunchAngle":26,"maxExitVelo":98.6,"maxDistance":396},"hits":[{"atBatIndex":21,"batterName":"Luke Maile","event":"Single","inning":2,"halfInning":"bottom","awayScore":4,"homeScore":1,"hit":{"pfxX":-1.1329483253748656,"pfxZ":2.041316067151742,"zone":14,"coordX":117.03,"coordY":116.6,"endSpeed":80,"hardness":"medium","location":"8","spinRate":2484,"extension":5.579014765952999,"pitchType":"Knuckle Curve","plateTime":0.43501382467115857,"pitchSpeed":86.2,"trajectory":"line_drive","launchAngle":21,"launchSpeed":76.3,"breakVertical":-33.7,"pitchTypeCode":"KC","spinDirection":271,"totalDistance":228,"breakHorizontal":1,"breakVerticalInduced":2.9},"color":"#38bdf8","detail":{"hit":{"pfxX":-1.1329483253748656,"pfxZ":2.041316067151742,"zone":14,"coordX":117.03,"coordY":116.6,"endSpeed":80,"hardness":"medium","location":"8","spinRate":2484,"extension":5.579014765952999,"pitchType":"Knuckle Curve","plateTime":0.43501382467115857,"pitchSpeed":86.2,"trajectory":"line_drive","launchAngle":21,"launchSpeed":76.3,"breakVertical":-33.7,"pitchTypeCode":"KC","spinDirection":271,"totalDistance":228,"breakHorizontal":1,"breakVerticalInduced":2.9},"wpa":0.024740159214602098,"event":"Single","inning":2,"pitches":[{"hit":null,"pfxX":-9.500536897728152,"pfxZ":6.365246117389939,"zone":5,"balls":0,"isOut":false,"isBall":false,"plateX":0.00551121523705302,"plateZ":2.565005160462259,"isPitch":true,"strikes":1,"callCode":"C","endSpeed":85.6,"isInPlay":false,"isStrike":true,"spinRate":2169,"typeCode":"SI","extension":5.450983289907074,"plateTime":0.4037325566313479,"kinematics":{"aX":-17.730095020808804,"aY":28.200705500819993,"aZ":-20.296837112222068,"x0":-1.3449475975796135,"y0":50.00345698083395,"z0":5.836445880867037,"vX0":6.926466118761844,"vY0":-135.4079909725173,"vZ0":-4.974589008314213,"pfxX":-9.500536897728152,"pfxZ":6.365246117389939},"startSpeed":93.1,"pitchNumber":1,"strikeZoneTop":3.322,"breakHorizontal":15.8,"callDescription":"Called Strike","typeDescription":"Sinker","hasPlateLocation":true,"strikeZoneBottom":1.676,"breakVerticalInduced":10.7},{"balls":0,"isOut":false,"isBall":false,"plateX":0,"plateZ":0,"isPitch":false,"strikes":1,"callCode":"P","isInPlay":false,"isStrike":false,"typeCode":"—","startSpeed":0,"pitchNumber":-1,"strikeZoneTop":3.5,"callDescription":"Pickoff Attempt 1B","typeDescription":"Pickoff Attempt 1B","strikeZoneBottom":1.5},{"hit":{"pfxX":-1.1329483253748656,"pfxZ":2.041316067151742,"zone":14,"coordX":117.03,"coordY":116.6,"endSpeed":80,"hardness":"medium","location":"8","spinRate":2484,"extension":5.579014765952999,"pitchType":"Knuckle Curve","plateTime":0.43501382467115857,"pitchSpeed":86.2,"trajectory":"line_drive","launchAngle":21,"launchSpeed":76.3,"breakVertical":-33.7,"pitchTypeCode":"KC","spinDirection":271,"totalDistance":228,"breakHorizontal":1,"breakVerticalInduced":2.9},"pfxX":-1.1329483253748656,"pfxZ":2.041316067151742,"zone":14,"balls":0,"isOut":false,"isBall":false,"plateX":0.6572634833773573,"plateZ":1.6141467842849875,"isPitch":true,"strikes":1,"callCode":"D","endSpeed":80,"isInPlay":true,"isStrike":false,"spinRate":2484,"typeCode":"KC","extension":5.579014765952999,"plateTime":0.43501382467115857,"kinematics":{"aX":-1.823390735574333,"aY":23.34167051953203,"aZ":-28.89158972969961,"x0":-1.3299432816125678,"y0":50.00399650768187,"z0":6.009771848483232,"vX0":5.307310869363979,"vY0":-125.49490417083342,"vZ0":-5.119199447896998,"pfxX":-1.1329483253748656,"pfxZ":2.041316067151742},"startSpeed":86.2,"pitchNumber":2,"strikeZoneTop":3.322,"breakHorizontal":1,"callDescription":"In play, no out","typeDescription":"Knuckle Curve","hasPlateLocation":true,"strikeZoneBottom":1.676,"breakVerticalInduced":2.9}],"batterId":571912,"awayScore":4,"homeScore":1,"pitcherId":608566,"atBatIndex":21,"batterHits":1,"batterName":"Luke Maile","halfInning":"bottom","description":"Luke Maile singles on a line drive to center fielder Jackson Merrill. Tyler Tolbert to 3rd.","pitcherName":"Germán Márquez","batterAtBats":1,"isScoringPlay":false,"homeWinProbAfter":0.24582369466113882,"homeWinProbBefore":0.22108353544653672},"hitKey":"824086-21","gamePk":824086,"gameDate":"2026-07-19","awayAbbrev":"SD","homeAbbrev":"KC","batterId":571912,"bipKind":"hit"},{"atBatIndex":14,"batterName":"Luke Maile","event":"Home Run","inning":1,"halfInning":"bottom","awayScore":1,"homeScore":6,"hit":{"pfxX":9.881127195310523,"pfxZ":1.5371108622179683,"zone":8,"coordX":172.29,"coordY":45.83,"endSpeed":81.4,"hardness":"medium","location":"89","spinRate":2103,"extension":6.635358124752871,"pitchType":"Changeup","plateTime":0.42723634098845276,"pitchSpeed":87.8,"trajectory":"fly_ball","launchAngle":31,"launchSpeed":98.6,"breakVertical":-33,"pitchTypeCode":"CH","spinDirection":108,"totalDistance":396,"breakHorizontal":-16.4,"breakVerticalInduced":2.2},"color":"#f87171","detail":{"hit":{"pfxX":9.881127195310523,"pfxZ":1.5371108622179683,"zone":8,"coordX":172.29,"coordY":45.83,"endSpeed":81.4,"hardness":"medium","location":"89","spinRate":2103,"extension":6.635358124752871,"pitchType":"Changeup","plateTime":0.42723634098845276,"pitchSpeed":87.8,"trajectory":"fly_ball","launchAngle":31,"launchSpeed":98.6,"breakVertical":-33,"pitchTypeCode":"CH","spinDirection":108,"totalDistance":396,"breakHorizontal":-16.4,"breakVerticalInduced":2.2},"wpa":0.1626215652013202,"event":"Home Run","inning":1,"pitches":[{"zone":13,"balls":1,"isOut":false,"isBall":true,"plateX":-1.4515868024960212,"plateZ":1.747012847419615,"isPitch":true,"strikes":0,"callCode":"B","endSpeed":88.5,"isInPlay":false,"isStrike":false,"spinRate":2129,"typeCode":"SI","extension":6.885368271626803,"plateTime":0.3923098150156017,"startSpeed":96,"pitchNumber":1,"strikeZoneTop":3.322,"breakHorizontal":-18,"callDescription":"Ball","typeDescription":"Sinker","hasPlateLocation":true,"strikeZoneBottom":1.676,"breakVerticalInduced":4.8},{"zone":13,"balls":1,"isOut":false,"isBall":false,"plateX":-0.6638766168449238,"plateZ":1.4995695989205786,"isPitch":true,"strikes":1,"callCode":"T","endSpeed":80.8,"isInPlay":false,"isStrike":true,"spinRate":1990,"typeCode":"CH","extension":6.71233277023312,"plateTime":0.4311138924178346,"startSpeed":87.1,"pitchNumber":2,"strikeZoneTop":3.322,"breakHorizontal":-15.5,"callDescription":"Foul Tip","typeDescription":"Changeup","hasPlateLocation":true,"strikeZoneBottom":1.676,"breakVerticalInduced":0.6},{"zone":8,"balls":1,"isOut":false,"isBall":false,"plateX":0.1848675368297313,"plateZ":2.15278688220146,"isPitch":true,"strikes":1,"callCode":"E","endSpeed":81.4,"isInPlay":true,"isStrike":false,"spinRate":2103,"typeCode":"CH","extension":6.635358124752871,"plateTime":0.42723634098845276,"startSpeed":87.8,"pitchNumber":3,"strikeZoneTop":3.322,"breakHorizontal":-16.4,"callDescription":"In play, run(s)","typeDescription":"Changeup","hasPlateLocation":true,"strikeZoneBottom":1.676,"breakVerticalInduced":2.2}],"batterId":571912,"awayScore":1,"homeScore":6,"pitcherId":650911,"atBatIndex":14,"batterHits":1,"batterName":"Luke Maile","halfInning":"bottom","description":"Luke Maile homers (1) on a fly ball to right center field. Starling Marte scores. Tyler Tolbert scores.","pitcherName":"Cristopher Sánchez","batterAtBats":1,"isScoringPlay":true,"homeWinProbAfter":0.8969345718801065,"homeWinProbBefore":0.7343130066787863},"hitKey":"824089-14","gamePk":824089,"gameDate":"2026-07-06","awayAbbrev":"PHI","homeAbbrev":"KC","batterId":571912,"bipKind":"hit"}],"chartHits":[{"atBatIndex":21,"event":"Single","bipKind":"hit",