{"season":2026,"playerId":672613,"name":"Eliezer Alfonzo","teamAbbrev":"PHI","teamId":143,"stats":{"total":2,"singles":1,"doubles":1,"triples":0,"homeRuns":0,"outs":0,"sac":0,"errors":0,"other":0,"avgExitVelo":95.19999999999999,"avgLaunchAngle":14.5,"maxExitVelo":97.3,"maxDistance":256},"bipCount":2,"parks":[{"venueId":2681,"venueName":"Citizens Bank Park","teamAbbrev":"PHI","stats":{"total":1,"singles":0,"doubles":1,"triples":0,"homeRuns":0,"outs":0,"sac":0,"errors":0,"other":0,"avgExitVelo":93.1,"avgLaunchAngle":18,"maxExitVelo":93.1,"maxDistance":256},"hits":[{"atBatIndex":17,"batterName":"Eliezer Alfonzo","event":"Double","inning":3,"halfInning":"top","awayScore":0,"homeScore":1,"hit":{"pfxX":-7.491714463759388,"pfxZ":8.12394285024722,"zone":6,"coordX":200.79,"coordY":128.23,"endSpeed":87.7,"hardness":"medium","location":"9","spinRate":2513,"extension":7.099401934208554,"pitchType":"Four-Seam Fastball","plateTime":0.39404804553523753,"pitchSpeed":95.2,"trajectory":"line_drive","launchAngle":18,"launchSpeed":93.1,"breakVertical":-15.7,"pitchTypeCode":"FF","spinDirection":228,"totalDistance":256,"breakHorizontal":12,"breakVerticalInduced":14.3},"color":"#4ade80","playId":"9f31066b-0297-3e6d-a16f-43d432030003","detail":{"hit":{"pfxX":-7.491714463759388,"pfxZ":8.12394285024722,"zone":6,"coordX":200.79,"coordY":128.23,"endSpeed":87.7,"hardness":"medium","location":"9","spinRate":2513,"extension":7.099401934208554,"pitchType":"Four-Seam Fastball","plateTime":0.39404804553523753,"pitchSpeed":95.2,"trajectory":"line_drive","launchAngle":18,"launchSpeed":93.1,"breakVertical":-15.7,"pitchTypeCode":"FF","spinDirection":228,"totalDistance":256,"breakHorizontal":12,"breakVerticalInduced":14.3},"wpa":0.026288587181264367,"event":"Double","inning":3,"playId":"9f31066b-0297-3e6d-a16f-43d432030003","pitches":[{"hit":null,"pfxX":0.4110294064396287,"pfxZ":4.945269407368894,"zone":11,"balls":1,"isOut":false,"isBall":true,"plateX":-1.393991886359881,"plateZ":2.453851146954994,"playId":"e21d3da6-754b-36a2-b610-f6740958ddea","isPitch":true,"strikes":0,"callCode":"B","endSpeed":82.5,"isInPlay":false,"isStrike":false,"spinRate":2544,"typeCode":"FC","extension":6.844162739722776,"plateTime":0.4190510508412051,"kinematics":{"aX":0.7121371226702031,"aY":25.728215343337645,"aZ":-23.60340166944089,"x0":-2.0326089290304696,"y0":50.00189230777204,"z0":5.026594467670036,"vX0":1.5103033863916082,"vY0":-130.3814868436448,"vZ0":-2.0679375719097104,"pfxX":0.4110294064396287,"pfxZ":4.945269407368894},"startSpeed":89.5,"pitchNumber":1,"strikeZoneTop":3.103,"breakHorizontal":-1.1,"callDescription":"Ball","typeDescription":"Cutter","hasPlateLocation":true,"strikeZoneBottom":1.566,"breakVerticalInduced":8.8},{"hit":null,"pfxX":-5.6433159986244705,"pfxZ":8.767426320074952,"zone":4,"balls":1,"isOut":false,"isBall":false,"plateX":-0.4413379762018206,"plateZ":2.4923797621907866,"playId":"161c2f8f-f0ea-303c-8961-96c8b8f832a3","isPitch":true,"strikes":1,"callCode":"C","endSpeed":87.4,"isInPlay":false,"isStrike":true,"spinRate":2513,"typeCode":"FF","extension":6.934338102176016,"plateTime":0.3948585622703811,"kinematics":{"aX":-11.016405583625195,"aY":28.61135088325611,"aZ":-15.055220614253944,"x0":-1.7196032917291595,"y0":50.00044722275414,"z0":4.968752955561718,"vX0":5.512315922535579,"vY0":-138.30771496045455,"vZ0":-4.035525801836587,"pfxX":-5.6433159986244705,"pfxZ":8.767426320074952},"startSpeed":95,"pitchNumber":2,"strikeZoneTop":3.103,"breakHorizontal":9.2,"callDescription":"Called Strike","typeDescription":"Four-Seam Fastball","hasPlateLocation":true,"strikeZoneBottom":1.566,"breakVerticalInduced":15.4},{"hit":{"pfxX":-7.491714463759388,"pfxZ":8.12394285024722,"zone":6,"coordX":200.79,"coordY":128.23,"endSpeed":87.7,"hardness":"medium","location":"9","spinRate":2513,"extension":7.099401934208554,"pitchType":"Four-Seam Fastball","plateTime":0.39404804553523753,"pitchSpeed":95.2,"trajectory":"line_drive","launchAngle":18,"launchSpeed":93.1,"breakVertical":-15.7,"pitchTypeCode":"FF","spinDirection":228,"totalDistance":256,"breakHorizontal":12,"breakVerticalInduced":14.3},"pfxX":-7.491714463759388,"pfxZ":8.12394285024722,"zone":6,"balls":1,"isOut":false,"isBall":false,"plateX":0.6394489490234782,"plateZ":2.637997111960789,"playId":"9f31066b-0297-3e6d-a16f-43d432030003","isPitch":true,"strikes":1,"callCode":"D","endSpeed":87.7,"isInPlay":true,"isStrike":false,"spinRate":2513,"typeCode":"FF","extension":7.099401934208554,"plateTime":0.39404804553523753,"kinematics":{"aX":-14.697935054365246,"aY":27.83690431987185,"aZ":-16.23801718310778,"x0":-1.6235375146249749,"y0":50.00353773734966,"z0":4.911695048836096,"vX0":8.888748347946862,"vY0":-138.44280623514052,"vZ0":-3.283988456911842,"pfxX":-7.491714463759388,"pfxZ":8.12394285024722},"startSpeed":95.2,"pitchNumber":3,"strikeZoneTop":3.103,"breakHorizontal":12,"callDescription":"In play, no out","typeDescription":"Four-Seam Fastball","hasPlateLocation":true,"strikeZoneBottom":1.566,"breakVerticalInduced":14.3}],"batterId":672613,"awayScore":0,"homeScore":1,"pitcherId":554430,"atBatIndex":17,"batterHits":1,"batterName":"Eliezer Alfonzo","halfInning":"top","description":"Eliezer Alfonzo doubles (1) on a line drive to right fielder Brandon Marsh.","pitcherName":"Zack Wheeler","batterAtBats":1,"isScoringPlay":false,"homeWinProbAfter":0.6325131342094311,"homeWinProbBefore":0.6588017213906955},"hitKey":"823437-17","gamePk":823437,"gameDate":"2026-07-21","awayAbbrev":"LAD","homeAbbrev":"PHI","batterId":672613,"bipKind":"hit"}],"chartHits":[{"atBatIndex":17,"event":"Double","bipKind":"hit","hit":{"pfxX":-7.491714463759388,"pfxZ":8.12394285024722,"zone":6,"coordX":200.79,"coordY":128.23,"endSpeed":87.7,"hardness":"medium","location":"9","spinRate":2513,"extension":7.099401934208554,"pitchType":"Four-Seam Fastball","plateTime":0.39404804553523753,"pitchSpeed":95.2,"trajectory":"line_drive","launchAngle":18,"launchSpeed":93.1,"breakVertical":-15.7,"pitchTypeCode":"FF","spinDirection":228,"totalDistance":256,"breakHorizontal":12,"breakVerticalInduced":14.3},"color":"#4ade80","hitKey":"823437-17","batterId":672613,"batterName":"Eliezer Alfonzo","inning":3,"halfInning":"top","awayScore":0,"homeScore":1,"gamePk":823437,"gameDate":"2026-07-21","awayAbbrev":"LAD","homeAbbrev":"PHI"}]},{"venueId":3313,"venueName":"Yankee Stadium","teamAbbrev":"NYY","stats":{"total":1,"singles":1,"doubles":0,"triples":0,"homeRuns":0,"outs":0,"sac":0,"errors":0,"other":0,"avgExitVelo":97.3,"avgLaunchAngle":11,"maxExitVelo":97.3,"maxDistance":201},"hits":[{"atBatIndex":18,"batterName":"Eliezer Alfonzo","event":"Single","inning":3,"halfInning":"top","awayScore":0,"homeScore":1,"hit":{"pfxX":2.010010459743892,"pfxZ":4.3981607871086705,"zone":1,"coordX":135.86,"coordY":93.64,"endSpeed":79.7,"hardness":"medium","location":"8","spinRate":1937,"extension":6.543202884133108,"pitchType":"Cutter","plateTime":0.4345668044881932,"pitchSpeed":86.4,"trajectory":"line_drive","launchAngle":11,"launchSpeed":97.3,"breakVertical":-28.2,"pitchTypeCode":"FC","spinDirection":126,"totalDistance":201,"breakHorizontal":-1.7,"breakVerticalInduced":8.2},"color":"#38bdf8","detail":{"hit":{"pfxX":2.010010459743892,"pfxZ":4.3981607871086705,"zone":1,"coordX":135.86,"coordY":93.64,"endSpeed":79.7,"hardness":"medium","location":"8","spinRate":1937,"extension":6.543202884133108,"pitchType":"Cutter","plateTime":0.4345668044881932,"pitchSpeed":86.4,"trajectory":"line_drive","launchAngle":11,"launchSpeed":97.3,"breakVertical":-28.2,"pitchTypeCode":"FC","spinDirection":126,"totalDistance":201,"breakHorizontal":-1.7,"breakVerticalInduced":8.2},"wpa":0.014064334823844171,"event":"Single","inning":3,"pitches":[{"hit":{"pfxX":2.010010459743892,"pfxZ":4.3981607871086705,"zone":1,"coordX":135.86,"coordY":93.64,"endSpeed":79.7,"hardness":"medium","location":"8","spinRate":1937,"extension":6.543202884133108,"pitchType":"Cutter","plateTime":0.4345668044881932,"pitchSpeed":86.4,"trajectory":"line_drive","launchAngle":11,