{"season":2026,"playerId":687952,"name":"Christian Encarnacion-Strand","teamAbbrev":"BOS","teamId":111,"stats":{"total":3,"singles":2,"doubles":0,"triples":0,"homeRuns":1,"outs":0,"sac":0,"errors":0,"other":0,"avgExitVelo":99.33333333333333,"avgLaunchAngle":12.666666666666666,"maxExitVelo":103.3,"maxDistance":395},"bipCount":3,"parks":[{"venueId":3,"venueName":"Fenway Park","teamAbbrev":"BOS","stats":{"total":2,"singles":1,"doubles":0,"triples":0,"homeRuns":1,"outs":0,"sac":0,"errors":0,"other":0,"avgExitVelo":97.5,"avgLaunchAngle":16.5,"maxExitVelo":103.3,"maxDistance":395},"hits":[{"atBatIndex":46,"batterName":"Christian Encarnacion-Strand","event":"Single","inning":6,"halfInning":"top","awayScore":4,"homeScore":3,"hit":{"pfxX":9.558375610495858,"pfxZ":7.149080593972853,"zone":12,"coordX":129.01,"coordY":85.81,"endSpeed":86.1,"hardness":"medium","location":"4","spinRate":2316,"extension":7.482710734366685,"pitchType":"Sinker","plateTime":0.4006305878170897,"pitchSpeed":93.9,"trajectory":"ground_ball","launchAngle":-3,"launchSpeed":91.7,"breakVertical":-18.6,"pitchTypeCode":"SI","spinDirection":137,"totalDistance":32,"breakHorizontal":-15.7,"breakVerticalInduced":12.5},"color":"#38bdf8","detail":{"hit":{"pfxX":9.558375610495858,"pfxZ":7.149080593972853,"zone":12,"coordX":129.01,"coordY":85.81,"endSpeed":86.1,"hardness":"medium","location":"4","spinRate":2316,"extension":7.482710734366685,"pitchType":"Sinker","plateTime":0.4006305878170897,"pitchSpeed":93.9,"trajectory":"ground_ball","launchAngle":-3,"launchSpeed":91.7,"breakVertical":-18.6,"pitchTypeCode":"SI","spinDirection":137,"totalDistance":32,"breakHorizontal":-15.7,"breakVerticalInduced":12.5},"wpa":0.16354963019547186,"event":"Single","inning":6,"pitches":[{"hit":null,"pfxX":10.847639333726136,"pfxZ":4.523639583112276,"zone":8,"balls":0,"isOut":false,"isBall":false,"plateX":-0.10874471621345672,"plateZ":2.052103146565795,"isPitch":true,"strikes":1,"callCode":"C","endSpeed":86.4,"isInPlay":false,"isStrike":true,"spinRate":2281,"typeCode":"SI","extension":7.441011713537334,"plateTime":0.39956165552102885,"kinematics":{"aX":20.64956257066681,"aY":30.07261197740813,"aZ":-23.559519709144546,"x0":2.5791726962197594,"y0":50.002110284000594,"z0":5.341977695453558,"vX0":-11.089051618521136,"vY0":-137.04511230121577,"vZ0":-4.550908074186257,"pfxX":10.847639333726136,"pfxZ":4.523639583112276},"startSpeed":94.4,"pitchNumber":1,"strikeZoneTop":3.235,"breakHorizontal":-17.3,"callDescription":"Called Strike","typeDescription":"Sinker","hasPlateLocation":true,"strikeZoneBottom":1.633,"breakVerticalInduced":7.4},{"hit":{"pfxX":9.558375610495858,"pfxZ":7.149080593972853,"zone":12,"coordX":129.01,"coordY":85.81,"endSpeed":86.1,"hardness":"medium","location":"4","spinRate":2316,"extension":7.482710734366685,"pitchType":"Sinker","plateTime":0.4006305878170897,"pitchSpeed":93.9,"trajectory":"ground_ball","launchAngle":-3,"launchSpeed":91.7,"breakVertical":-18.6,"pitchTypeCode":"SI","spinDirection":137,"totalDistance":32,"breakHorizontal":-15.7,"breakVerticalInduced":12.5},"pfxX":9.558375610495858,"pfxZ":7.149080593972853,"zone":12,"balls":0,"isOut":false,"isBall":false,"plateX":1.0412969466338726,"plateZ":2.7582352665764462,"isPitch":true,"strikes":1,"callCode":"E","endSpeed":86.1,"isInPlay":true,"isStrike":false,"spinRate":2316,"typeCode":"SI","extension":7.482710734366685,"plateTime":0.4006305878170897,"kinematics":{"aX":18.11681680329829,"aY":28.769239699821924,"aZ":-18.633329537426217,"x0":2.799931440971389,"y0":50.00638049064869,"z0":5.315361519470851,"vX0":-8.102018024123682,"vY0":-136.4800332135755,"vZ0":-3.4514145515538743,"pfxX":9.558375610495858,"pfxZ":7.149080593972853},"startSpeed":93.9,"pitchNumber":2,"strikeZoneTop":3.235,"breakHorizontal":-15.7,"callDescription":"In play, run(s)","typeDescription":"Sinker","hasPlateLocation":true,"strikeZoneBottom":1.633,"breakVerticalInduced":12.5}],"batterId":687952,"awayScore":4,"homeScore":3,"pitcherId":801139,"atBatIndex":46,"batterHits":2,"batterName":"Christian Encarnacion-Strand","halfInning":"top","description":"Christian Encarnacion-Strand singles on a ground ball to center fielder Ceddanne Rafaela, deflected by second baseman Anthony Seigler. Leody Taveras scores. Jeremiah Jackson to 3rd.","pitcherName":"Payton Tolle","batterAtBats":3,"isScoringPlay":true,"homeWinProbAfter":0.3371377987442369,"homeWinProbBefore":0.5006874289397087},"hitKey":"824736-46","gamePk":824736,"gameDate":"2026-07-20","awayAbbrev":"BAL","homeAbbrev":"BOS","batterId":687952,"bipKind":"hit"},{"atBatIndex":33,"batterName":"Christian Encarnacion-Strand","event":"Home Run","inning":5,"halfInning":"top","awayScore":2,"homeScore":3,"hit":{"pfxX":8.317159965500151,"pfxZ":9.046270909283212,"zone":2,"coordX":82.22,"coordY":45.29,"endSpeed":86.6,"hardness":"medium","location":"78","spinRate":2173,"extension":7.2065686300070455,"pitchType":"Four-Seam Fastball","plateTime":0.3983644804501596,"pitchSpeed":94.4,"trajectory":"fly_ball","launchAngle":36,"launchSpeed":103.3,"breakVertical":-14.5,"pitchTypeCode":"FF","spinDirection":135,"totalDistance":395,"breakHorizontal":-13.2,"breakVerticalInduced":16.1},"color":"#f87171","detail":{"hit":{"pfxX":8.317159965500151,"pfxZ":9.046270909283212,"zone":2,"coordX":82.22,"coordY":45.29,"endSpeed":86.6,"hardness":"medium","location":"78","spinRate":2173,"extension":7.2065686300070455,"pitchType":"Four-Seam Fastball","plateTime":0.3983644804501596,"pitchSpeed":94.4,"trajectory":"fly_ball","launchAngle":36,"launchSpeed":103.3,"breakVertical":-14.5,"pitchTypeCode":"FF","spinDirection":135,"totalDistance":395,"breakHorizontal":-13.2,"breakVerticalInduced":16.1},"wpa":0.11459675756831522,"event":"Home Run","inning":5,"pitches":[{"hit":null,"pfxX":8.932409331329477,"pfxZ":9.897107641342094,"zone":13,"balls":1,"isOut":false,"isBall":true,"plateX":-0.9749061007744902,"plateZ":1.7156919694749682,"isPitch":true,"strikes":0,"callCode":"B","endSpeed":87.4,"isInPlay":false,"isStrike":false,"spinRate":2318,"typeCode":"FF","extension":7.603814903439706,"plateTime":0.39601163054890565,"kinematics":{"aX":17.33435561260449,"aY":28.744114877387787,"aZ":-12.96590038124909,"x0":2.500032745180978,"y0":50.00191040353815,"z0":5.2466415189407085,"vX0":-12.663525350523189,"vY0":-137.9538318852901,"vZ0":-7.269516538308699,"pfxX":8.932409331329477,"pfxZ":9.897107641342094},"startSpeed":95.2,"pitchNumber":1,"strikeZoneTop":3.235,"breakHorizontal":-13.8,"callDescription":"Ball","typeDescription":"Four-Seam Fastball","hasPlateLocation":true,"strikeZoneBottom":1.633,"breakVerticalInduced":16.6},{"hit":{"pfxX":8.317159965500151,"pfxZ":9.046270909283212,"zone":2,"coordX":82.22,"coordY":45.29,"endSpeed":86.6,"hardness":"medium","location":"78","spinRate":2173,"extension":7.2065686300070455,"pitchType":"Four-Seam Fastball","plateTime":0.3983644804501596,"pitchSpeed":94.4,"trajectory":"fly_ball","launchAngle":36,"launchSpeed":103.3,"breakVertical":-14.5,"pitchTypeCode":"FF","spinDirection":135,"totalDistance":395,"breakHorizontal":-13.2,"breakVerticalInduced":16.1},"pfxX":8.317159965500151,"pfxZ":9.046270909283212,"zone":2,"balls":1,"isOut":false,"isBall":false,"plateX":0.17980097667246606,"plateZ":3.3181808095288297,"isPitch":true,"strikes":0,"callCode":"E","endSpeed":86.6,"isInPlay":true,"isStrike":false,"spinRate":2173,"typeCode":"FF","extension":7.2065686300070455,"plateTime":0.3983644804501596,"kinematics":{"aX":15.951500666702962,"aY":28.50262150611946,"aZ":-14.831623791417849,"x0":2.6533571280279022,"y0":50.00594301460947,"z0":5.267036879987755,"vX0":-9.65226117357647,"vY0":-137.15546132939866,"vZ0":-2.5594855363361,"pfxX":8.317159965500151,"pfxZ":9.046270909283212},"startSpeed":94.4,"pitchNumber":2,"strikeZoneTop":3.235,"breakHorizontal":-13.2,"callDescription":"In play, run(s)","typeDescription":"Four-Seam Fastball","hasPlateLocation":true,"strikeZoneBottom":1.633,"breakVerticalInduced":16.1}],"batterId":687952,"awayScore":2,"homeScore":3,"pitcherId":801139,"atBatIndex":33,