{"season":2026,"playerId":695670,"name":"Harry Ford","teamAbbrev":"ATH","teamId":133,"stats":{"total":3,"singles":1,"doubles":1,"triples":0,"homeRuns":1,"outs":0,"sac":0,"errors":0,"other":0,"avgExitVelo":87.85,"avgLaunchAngle":11.333333333333334,"maxExitVelo":101.2,"maxDistance":361},"bipCount":3,"parks":[{"venueId":2529,"venueName":"Sutter Health Park","teamAbbrev":"ATH","stats":{"total":3,"singles":1,"doubles":1,"triples":0,"homeRuns":1,"outs":0,"sac":0,"errors":0,"other":0,"avgExitVelo":87.85,"avgLaunchAngle":11.333333333333334,"maxExitVelo":101.2,"maxDistance":361},"hits":[{"atBatIndex":27,"batterName":"Harry Ford","event":"Double","inning":4,"halfInning":"top","awayScore":2,"homeScore":1,"hit":{"pfxX":9.976694378197086,"pfxZ":7.378534009769985,"zone":5,"coordX":74.44,"coordY":78.5,"endSpeed":81.6,"hardness":"medium","location":"7","spinRate":2310,"extension":6.464582998585295,"pitchType":"Four-Seam Fastball","plateTime":0.4231441978350543,"pitchSpeed":89.1,"trajectory":"line_drive","launchAngle":25,"launchSpeed":101.2,"breakVertical":-21.7,"pitchTypeCode":"FF","spinDirection":123,"totalDistance":361,"breakHorizontal":-15.7,"breakVerticalInduced":12.8},"color":"#4ade80","detail":{"hit":{"pfxX":9.976694378197086,"pfxZ":7.378534009769985,"zone":5,"coordX":74.44,"coordY":78.5,"endSpeed":81.6,"hardness":"medium","location":"7","spinRate":2310,"extension":6.464582998585295,"pitchType":"Four-Seam Fastball","plateTime":0.4231441978350543,"pitchSpeed":89.1,"trajectory":"line_drive","launchAngle":25,"launchSpeed":101.2,"breakVertical":-21.7,"pitchTypeCode":"FF","spinDirection":123,"totalDistance":361,"breakHorizontal":-15.7,"breakVerticalInduced":12.8},"wpa":0.14259595576923728,"event":"Double","inning":4,"pitches":[{"hit":null,"pfxX":10.256120199391042,"pfxZ":9.141538369081697,"zone":8,"balls":0,"isOut":false,"isBall":false,"plateX":0.0778176721733386,"plateZ":1.7540271819800333,"isPitch":true,"strikes":1,"callCode":"C","endSpeed":81.3,"isInPlay":false,"isStrike":true,"spinRate":2246,"typeCode":"FF","extension":6.74007084187304,"plateTime":0.4247678938295447,"kinematics":{"aX":17.26964893294543,"aY":26.702552453998422,"aZ":-16.77730043067248,"x0":3.271293733491651,"y0":50.00025834087055,"z0":5.298971294433727,"vX0":-11.521539318152707,"vY0":-128.92407515635915,"vZ0":-5.729217410312884,"pfxX":10.256120199391042,"pfxZ":9.141538369081697},"startSpeed":88.9,"pitchNumber":1,"strikeZoneTop":3.123,"breakHorizontal":-16,"callDescription":"Called Strike","typeDescription":"Four-Seam Fastball","hasPlateLocation":true,"strikeZoneBottom":1.576,"breakVerticalInduced":15.4},{"hit":null,"pfxX":7.729583881866237,"pfxZ":8.330315510020933,"zone":12,"balls":1,"isOut":false,"isBall":true,"plateX":0.4321743395287069,"plateZ":3.6979746938194817,"isPitch":true,"strikes":1,"callCode":"B","endSpeed":80.7,"isInPlay":false,"isStrike":false,"spinRate":2343,"typeCode":"FF","extension":6.540862991967402,"plateTime":0.42621473282796263,"kinematics":{"aX":12.933423885809905,"aY":26.386683293173647,"aZ":-18.238236907919337,"x0":3.251195273817231,"y0":50.003704185182215,"z0":5.286354462509624,"vX0":-9.700462109333879,"vY0":-128.468196521361,"vZ0":-0.43582686678894517,"pfxX":7.729583881866237,"pfxZ":8.330315510020933},"startSpeed":88.4,"pitchNumber":2,"strikeZoneTop":3.123,"breakHorizontal":-11.9,"callDescription":"Ball","typeDescription":"Four-Seam Fastball","hasPlateLocation":true,"strikeZoneBottom":1.576,"breakVerticalInduced":15.2},{"balls":1,"isOut":false,"isBall":false,"plateX":0,"plateZ":0,"isPitch":false,"strikes":1,"callCode":"P","isInPlay":false,"isStrike":false,"typeCode":"—","startSpeed":0,"pitchNumber":-1,"strikeZoneTop":3.5,"callDescription":"Pickoff Attempt 1B","typeDescription":"Pickoff Attempt 1B","strikeZoneBottom":1.5},{"balls":1,"isOut":false,"isBall":false,"plateX":0,"plateZ":0,"isPitch":false,"strikes":1,"callCode":"P","isInPlay":false,"isStrike":false,"typeCode":"—","startSpeed":0,"pitchNumber":-2,"strikeZoneTop":3.5,"callDescription":"Pickoff Attempt 1B","typeDescription":"Pickoff Attempt 1B","strikeZoneBottom":1.5},{"hit":null,"pfxX":9.49208036396643,"pfxZ":7.750153570013358,"zone":12,"balls":2,"isOut":false,"isBall":true,"plateX":1.5769745748528399,"plateZ":2.548153857178138,"isPitch":true,"strikes":1,"callCode":"B","endSpeed":81.6,"isInPlay":false,"isStrike":false,"spinRate":2209,"typeCode":"FF","extension":6.403851573015139,"plateTime":0.42257941550458034,"kinematics":{"aX":16.1604464502159,"aY":26.325193540002893,"aZ":-18.98104070418071,"x0":3.2725878763456557,"y0":50.002789909134584,"z0":5.394348752850814,"vX0":-7.496291490765201,"vY0":-129.47371476964742,"vZ0":-3.575088793946265,"pfxX":9.49208036396643,"pfxZ":7.750153570013358},"startSpeed":89,"pitchNumber":3,"strikeZoneTop":3.123,"breakHorizontal":-15.6,"callDescription":"Ball","typeDescription":"Four-Seam Fastball","hasPlateLocation":true,"strikeZoneBottom":1.576,"breakVerticalInduced":13.4},{"hit":null,"pfxX":-2.40906354445386,"pfxZ":0.7044968033661654,"zone":13,"balls":3,"isOut":false,"isBall":true,"plateX":-0.318320433141419,"plateZ":1.4861855585936765,"review":{"playerName":"Jonah Heim","reviewType":"MJ","isOverturned":false,"challengeTeamId":133},"isPitch":true,"strikes":1,"callCode":"B","endSpeed":71.6,"isInPlay":false,"isStrike":false,"spinRate":2340,"typeCode":"SL","extension":6.741023119614874,"plateTime":0.4870151795392297,"kinematics":{"aX":-3.089668397314435,"aY":19.10263062270037,"aZ":-31.271035449731954,"x0":3.4838925143815227,"y0":50.00338534376107,"z0":4.9518913716543915,"vX0":-7.747879258384329,"vY0":-112.19713577538754,"vZ0":-0.6562106507480325,"pfxX":-2.40906354445386,"pfxZ":0.7044968033661654},"startSpeed":77.2,"pitchNumber":4,"strikeZoneTop":3.123,"breakHorizontal":6.2,"callDescription":"Ball","typeDescription":"Slider","hasPlateLocation":true,"strikeZoneBottom":1.576,"breakVerticalInduced":1.4},{"hit":null,"pfxX":9.866285117895275,"pfxZ":7.445558406531302,"zone":14,"balls":3,"isOut":false,"isBall":false,"plateX":1.080779961758294,"plateZ":1.4312659336904316,"isPitch":true,"strikes":2,"callCode":"S","endSpeed":81.7,"isInPlay":false,"isStrike":true,"spinRate":2353,"typeCode":"FF","extension":7.729067929199875,"plateTime":0.4215729676574478,"kinematics":{"aX":16.848274806039687,"aY":28.541744385530578,"aZ":-19.453612797607285,"x0":3.347682630427258,"y0":50.000627746880916,"z0":5.036848715055833,"vX0":-9.098402667397556,"vY0":-130.16675007426142,"vZ0":-5.454299094494383,"pfxX":9.866285117895275,"pfxZ":7.445558406531302},"startSpeed":89.7,"pitchNumber":5,"strikeZoneTop":3.123,"breakHorizontal":-15.7,"callDescription":"Swinging Strike","typeDescription":"Four-Seam Fastball","hasPlateLocation":true,"strikeZoneBottom":1.576,"breakVerticalInduced":12.4},{"hit":{"pfxX":9.976694378197086,"pfxZ":7.378534009769985,"zone":5,"coordX":74.44,"coordY":78.5,"endSpeed":81.6,"hardness":"medium","location":"7","spinRate":2310,"extension":6.464582998585295,"pitchType":"Four-Seam Fastball","plateTime":0.4231441978350543,"pitchSpeed":89.1,"trajectory":"line_drive","launchAngle":25,"launchSpeed":101.2,"breakVertical":-21.7,"pitchTypeCode":"FF","spinDirection":123,"totalDistance":361,"breakHorizontal":-15.7,"breakVerticalInduced":12.8},"pfxX":9.976694378197086,"pfxZ":7.378534009769985,"zone":5,"balls":3,"isOut":false,"isBall":false,"plateX":0.09385048160636093,"plateZ":2.27071714216031,"isPitch":true,"strikes":2,"callCode":"E","endSpeed":81.6,"isInPlay":true,"isStrike":false,"spinRate":2310,"typeCode":"FF","extension":6.464582998585295,"plateTime":0.4231441978350543,"kinematics":{"aX":16.94402089310322,"aY":26.193863763998685,"aZ":-19.642454094136067,"x0":3.1192331512283324,"y0":50.00291272304907,"z0":5.083819273103352,"vX0":-11.046400865637139,"vY0":-129.29565691918876,"vZ0":-3.3466785969633057,"pfxX":9.976694378197086,"pfxZ":7.378534009769985},"startSpeed":89.1,"pitchNumber":6,"strikeZoneTop":3.123,"breakHorizontal":-15.7,"callDescription":"In play, run(s)","typeDescription":"Four-Seam Fastball",